Album,Track Number,Track Title,Artist,Track Length
Tha Block Is Hot,1,Intro,Big Tymers,1:47
Tha Block Is Hot,2,Tha Block Is Hot,B.G.Juvenile,4:12
Tha Block Is Hot,3,Loud Pipes,B.G.JuvenileBig Tymers,5:14
Tha Block Is Hot,4,Watcha Wanna Do,,3:50
Tha Block Is Hot,5,Kisha,Hot Boys,4:17
Tha Block Is Hot,6,High Beamin',B.G.,4:09
Tha Block Is Hot,7,Lights Off,,4:07
Tha Block Is Hot,8,Fuck tha World,,4:46
Tha Block Is Hot,9,Remember Me,B.G.,3:54
Tha Block Is Hot,10,Respect Us,Juvenile,5:01
Tha Block Is Hot,11,Drop It Like It's Hot,B.G.Mannie Fresh,5:23
Tha Block Is Hot,12,Young Playa,Big Tymers,3:47
Tha Block Is Hot,13,Enemy Turf,Juvenile,4:19
Tha Block Is Hot,14,Not Like Me,B.G.Big TymersPaparue,4:03
Tha Block Is Hot,15,Come On,B.G.,3:35
Tha Block Is Hot,16,Up to Me,,4:31
Tha Block Is Hot,17,You Want War,Turk,3:25
